{"current":{"logo":"shopify:\/\/shop_images\/logo-transparent.png","logo_width":60,"favicon":"shopify:\/\/shop_images\/logo-transparent_ab8c9c12-002e-4faa-b741-d10d8e21e8c8.png","type_header_font":"serif","heading_scale":110,"type_body_font":"arapey_n4","body_scale":105,"page_width":1200,"spacing_sections":0,"spacing_grid_horizontal":28,"spacing_grid_vertical":28,"animations_reveal_on_scroll":true,"animations_hover_elements":"3d-lift","buttons_border_thickness":1,"buttons_border_opacity":100,"buttons_radius":40,"buttons_shadow_opacity":0,"buttons_shadow_horizontal_offset":0,"buttons_shadow_vertical_offset":4,"buttons_shadow_blur":5,"variant_pills_border_thickness":1,"variant_pills_border_opacity":55,"variant_pills_radius":40,"variant_pills_shadow_opacity":0,"variant_pills_shadow_horizontal_offset":0,"variant_pills_shadow_vertical_offset":4,"variant_pills_shadow_blur":5,"inputs_border_thickness":1,"inputs_border_opacity":55,"inputs_radius":26,"inputs_shadow_opacity":0,"inputs_shadow_horizontal_offset":0,"inputs_shadow_vertical_offset":4,"inputs_shadow_blur":5,"card_style":"standard","card_image_padding":6,"card_text_alignment":"left","card_color_scheme":"scheme-3","card_border_thickness":1,"card_border_opacity":100,"card_corner_radius":18,"card_shadow_opacity":0,"card_shadow_horizontal_offset":0,"card_shadow_vertical_offset":4,"card_shadow_blur":5,"collection_card_style":"card","collection_card_image_padding":2,"collection_card_text_alignment":"left","collection_card_color_scheme":"scheme-5","collection_card_border_thickness":1,"collection_card_border_opacity":100,"collection_card_corner_radius":18,"collection_card_shadow_opacity":0,"collection_card_shadow_horizontal_offset":0,"collection_card_shadow_vertical_offset":4,"collection_card_shadow_blur":5,"blog_card_style":"card","blog_card_image_padding":16,"blog_card_text_alignment":"left","blog_card_color_scheme":"scheme-1","blog_card_border_thickness":1,"blog_card_border_opacity":100,"blog_card_corner_radius":18,"blog_card_shadow_opacity":0,"blog_card_shadow_horizontal_offset":0,"blog_card_shadow_vertical_offset":4,"blog_card_shadow_blur":5,"text_boxes_border_thickness":0,"text_boxes_border_opacity":10,"text_boxes_radius":10,"text_boxes_shadow_opacity":0,"text_boxes_shadow_horizontal_offset":0,"text_boxes_shadow_vertical_offset":4,"text_boxes_shadow_blur":5,"media_border_thickness":0,"media_border_opacity":10,"media_radius":20,"media_shadow_opacity":0,"media_shadow_horizontal_offset":0,"media_shadow_vertical_offset":4,"media_shadow_blur":5,"popup_border_thickness":1,"popup_border_opacity":10,"popup_corner_radius":18,"popup_shadow_opacity":0,"popup_shadow_horizontal_offset":0,"popup_shadow_vertical_offset":4,"popup_shadow_blur":5,"drawer_border_thickness":0,"drawer_border_opacity":10,"drawer_shadow_opacity":0,"drawer_shadow_horizontal_offset":0,"drawer_shadow_vertical_offset":4,"drawer_shadow_blur":5,"badge_position":"top left","badge_corner_radius":6,"sale_badge_color_scheme":"scheme-4","sold_out_badge_color_scheme":"scheme-2","brand_headline":"Ishori","brand_description":"<p><\/p>","brand_image":"shopify:\/\/shop_images\/logo-transparent.png","brand_image_width":50,"social_facebook_link":"","social_instagram_link":"https:\/\/instagram.com\/by.ishori","social_youtube_link":"https:\/\/www.youtube.com\/@by.ishori","social_tiktok_link":"","social_twitter_link":"","social_snapchat_link":"","social_pinterest_link":"","social_tumblr_link":"","social_vimeo_link":"","predictive_search_enabled":true,"predictive_search_show_vendor":false,"predictive_search_show_price":true,"currency_code_enabled":true,"cart_type":"drawer","show_vendor":false,"show_cart_note":true,"cart_drawer_collection":"","cart_color_scheme":"scheme-3","sections":{"main-password-header":{"type":"main-password-header","settings":{"color_scheme":"scheme-3"}},"main-password-footer":{"type":"main-password-footer","settings":{"color_scheme":"scheme-3"}}},"content_for_index":[],"blocks":{"5493738229337669960":{"type":"shopify:\/\/apps\/bon-loyalty\/blocks\/app-embed\/63496a04-c097-48d1-8c11-475aec24b12e","disabled":false,"settings":{"type":"fade","duration":2}},"4139971114690857691":{"type":"shopify:\/\/apps\/swish-formerly-wishlist-king\/blocks\/wishlist-button-collection\/194f5011-a43c-4b22-b12e-eaf20dc4506a","disabled":false,"settings":{"button_style":"plain_accent_1","button_placement":"top-end","button_offset_horizontal":0,"button_offset_vertical":0,"button_background_opacity":85,"button_background_size":34,"button_background_border_radius":24,"button_border_width":1,"show_shadow":false,"icon_size":18,"icon_stroke_width":1,"app_integration_preset":"none","product_link_selector":"","floating_reference_js":""}},"13655089695959051254":{"type":"shopify:\/\/apps\/swish-formerly-wishlist-king\/blocks\/code-access\/194f5011-a43c-4b22-b12e-eaf20dc4506a","disabled":false,"settings":{"version":"main"}},"14197025361042770389":{"type":"shopify:\/\/apps\/swish-formerly-wishlist-king\/blocks\/app-settings-main\/194f5011-a43c-4b22-b12e-eaf20dc4506a","disabled":false,"settings":{"theme_preset":"dawn","color_accent_1":"#5f0511","color_accent_2":"#000000","color_solid_button_label":"#FFFFFF","color_outline_button_label":"#000000","color_background_1":"#FFFFFF","color_background_2":"#FFFFFF","color_text":"#000000","button_min_height":45,"button_border_width":1,"button_border_radius":0,"input_min_height":45,"input_border_width":1,"input_border_radius":0,"shadow_opacity":15,"shadow_horizontal_offset":0,"shadow_vertical_offset":2,"shadow_blur":4,"font_text_scale":100,"access_mode":"UNRESTRICTED","wishlist_mode":"PRODUCT","wishlist_path":"\/apps\/wishlist","money_show_currency_code":true}},"6680288666557934739":{"type":"shopify:\/\/apps\/swish-formerly-wishlist-king\/blocks\/wishlist-page\/194f5011-a43c-4b22-b12e-eaf20dc4506a","disabled":false,"settings":{"column_width":"md","wishlist_empty_link":"shopify:\/\/collections\/all","page_max_width":1200,"page_padding_top":30,"page_padding_bottom":80,"show_share_button":true,"show_buy_all_button":true,"show_clear_wishlist_button":true,"add_to_cart_remove_from_wishlist":true,"remove_button_style":"icon","product_options":"dropdowns","cta_button":"add_to_cart","cta_button_style":"outline_accent_1","alignment":"center","image_aspect_ratio":"2\/3","image_object_fit":"cover","show_vendor":false,"show_product_title":true,"show_price":true,"show_variant_input_label":false}}},"color_schemes":{"scheme-1":{"settings":{"background":"#fff2f1","background_gradient":"","text":"#5f0511","button":"#5f0511","button_label":"#5f0511","secondary_button_label":"#5f0511","shadow":"#3c030b"}},"scheme-2":{"settings":{"background":"#3c030b","background_gradient":"","text":"#fff2f1","button":"#fff2f1","button_label":"#5f0511","secondary_button_label":"#fff2f1","shadow":"#5f0511"}},"scheme-3":{"settings":{"background":"#fff2f1","background_gradient":"","text":"#5f0511","button":"#5f0511","button_label":"#fff2f1","secondary_button_label":"#5f0511","shadow":"#3c030b"}},"scheme-4":{"settings":{"background":"#8a0a1e","background_gradient":"","text":"#fff2f1","button":"#fff2f1","button_label":"#5f0511","secondary_button_label":"#fff2f1","shadow":"#3c030b"}},"scheme-5":{"settings":{"background":"#ffffff","background_gradient":"","text":"#5f0511","button":"#5f0511","button_label":"#fff2f1","secondary_button_label":"#5f0511","shadow":"#3c030b"}}}},"presets":{"Refresh":{"logo_width":140,"color_schemes":{"scheme-1":{"settings":{"background":"#eff0f5","background_gradient":"","text":"#0e1b4d","button":"#4770db","button_label":"#eff0f5","secondary_button_label":"#0e1b4d","shadow":"#0e1b4d"}},"scheme-2":{"settings":{"background":"#FFFFFF","background_gradient":"","text":"#0e1b4d","button":"#0e1b4d","button_label":"#FFFFFF","secondary_button_label":"#0e1b4d","shadow":"#0e1b4d"}},"scheme-3":{"settings":{"background":"#0e1b4d","background_gradient":"","text":"#FFFFFF","button":"#FFFFFF","button_label":"#0e1b4d","secondary_button_label":"#FFFFFF","shadow":"#0e1b4d"}},"scheme-4":{"settings":{"background":"#4770db","background_gradient":"","text":"#FFFFFF","button":"#FFFFFF","button_label":"#4770db","secondary_button_label":"#FFFFFF","shadow":"#0e1b4d"}},"scheme-5":{"settings":{"background":"#E32402","background_gradient":"","text":"#FFFFFF","button":"#FFFFFF","button_label":"#E32402","secondary_button_label":"#FFFFFF","shadow":"#0e1b4d"}}},"type_header_font":"archivo_n7","heading_scale":110,"type_body_font":"questrial_n4","body_scale":105,"page_width":1200,"spacing_sections":0,"spacing_grid_horizontal":28,"spacing_grid_vertical":28,"animations_reveal_on_scroll":true,"animations_hover_elements":"none","buttons_border_thickness":1,"buttons_border_opacity":100,"buttons_radius":40,"buttons_shadow_opacity":0,"buttons_shadow_horizontal_offset":0,"buttons_shadow_vertical_offset":4,"buttons_shadow_blur":5,"variant_pills_border_thickness":1,"variant_pills_border_opacity":55,"variant_pills_radius":40,"variant_pills_shadow_opacity":0,"variant_pills_shadow_horizontal_offset":0,"variant_pills_shadow_vertical_offset":4,"variant_pills_shadow_blur":5,"inputs_border_thickness":1,"inputs_border_opacity":55,"inputs_radius":26,"inputs_shadow_opacity":0,"inputs_shadow_horizontal_offset":0,"inputs_shadow_vertical_offset":4,"inputs_shadow_blur":5,"card_style":"card","card_image_padding":16,"card_text_alignment":"left","card_color_scheme":"scheme-1","card_border_thickness":1,"card_border_opacity":100,"card_corner_radius":18,"card_shadow_opacity":0,"card_shadow_horizontal_offset":0,"card_shadow_vertical_offset":4,"card_shadow_blur":5,"collection_card_style":"card","collection_card_image_padding":16,"collection_card_text_alignment":"left","collection_card_color_scheme":"scheme-1","collection_card_border_thickness":1,"collection_card_border_opacity":100,"collection_card_corner_radius":18,"collection_card_shadow_opacity":0,"collection_card_shadow_horizontal_offset":0,"collection_card_shadow_vertical_offset":4,"collection_card_shadow_blur":5,"blog_card_style":"card","blog_card_image_padding":16,"blog_card_text_alignment":"left","blog_card_color_scheme":"scheme-1","blog_card_border_thickness":1,"blog_card_border_opacity":100,"blog_card_corner_radius":18,"blog_card_shadow_opacity":0,"blog_card_shadow_horizontal_offset":0,"blog_card_shadow_vertical_offset":4,"blog_card_shadow_blur":5,"text_boxes_border_thickness":0,"text_boxes_border_opacity":10,"text_boxes_radius":20,"text_boxes_shadow_opacity":0,"text_boxes_shadow_horizontal_offset":0,"text_boxes_shadow_vertical_offset":4,"text_boxes_shadow_blur":5,"media_border_thickness":0,"media_border_opacity":10,"media_radius":20,"media_shadow_opacity":0,"media_shadow_horizontal_offset":0,"media_shadow_vertical_offset":4,"media_shadow_blur":5,"popup_border_thickness":1,"popup_border_opacity":10,"popup_corner_radius":18,"popup_shadow_opacity":0,"popup_shadow_horizontal_offset":0,"popup_shadow_vertical_offset":4,"popup_shadow_blur":5,"drawer_border_thickness":0,"drawer_border_opacity":10,"drawer_shadow_opacity":0,"drawer_shadow_horizontal_offset":0,"drawer_shadow_vertical_offset":4,"drawer_shadow_blur":5,"badge_position":"top left","badge_corner_radius":0,"sale_badge_color_scheme":"scheme-4","sold_out_badge_color_scheme":"scheme-1","brand_headline":"","brand_description":"<p><\/p>","brand_image_width":100,"social_twitter_link":"","social_facebook_link":"","social_pinterest_link":"","social_snapchat_link":"","social_instagram_link":"","social_tiktok_link":"","social_tumblr_link":"","social_youtube_link":"","social_vimeo_link":"","predictive_search_enabled":true,"predictive_search_show_vendor":false,"predictive_search_show_price":false,"currency_code_enabled":false,"cart_type":"drawer","show_vendor":false,"show_cart_note":false,"cart_drawer_collection":"","cart_color_scheme":"scheme-1","sections":{"main-password-header":{"type":"main-password-header","settings":{"color_scheme":"scheme-3"}},"main-password-footer":{"type":"main-password-footer","settings":{"color_scheme":"scheme-3"}}}}},"platform_customizations":{"custom_css":["\/* Force prevent all horizontal overflow *\/html, body {max-width: 100vw; overflow-x: hidden !important;}","* {max-width: 100%;}","\/* Target all possible gallery\/slideshow elements *\/.gallery,.slideshow,.multicolumn,.grid,[class*=\"gallery\"],[class*=\"slideshow\"],[class*=\"slider\"],[class*=\"carousel\"] {max-width: 100vw !important; overflow-x: hidden !important; box-sizing: border-box !important;}","\/* Fix images and media *\/img, video,iframe {max-width: 100% !important; height: auto !important;}","\/* Fix containers with padding causing overflow *\/.container,.page-width,section,div[class*=\"section\"] {max-width: 100vw; overflow-x: hidden; box-sizing: border-box;}","\/* Mobile specific fixes *\/@media screen and (max-width: 989px) {.grid__item, .multicolumn-list__item, [class*=\"column\"] {min-width: unset !important; width: 100% !important; flex-basis: 100% !important; }}"]}}