{"name":"t:sections.header.name","type":"header","sections":{"announcement-bar":{"type":"announcement-bar","blocks":{"announcement-bar-0":{"type":"announcement","disabled":true,"settings":{"text":"Welcome to our store","link":""}}},"block_order":["announcement-bar-0"],"disabled":true,"settings":{"auto_rotate":false,"change_slides_speed":5,"color_scheme":"scheme-4","show_line_separator":true,"show_social":false,"enable_country_selector":false,"enable_language_selector":false}},"header":{"type":"header","blocks":{"swish_formerly_wishlist_king_wishlist_link_block_HniQPH":{"type":"shopify:\/\/apps\/swish-formerly-wishlist-king\/blocks\/wishlist-link-block\/194f5011-a43c-4b22-b12e-eaf20dc4506a","settings":{"icon_color":"#5f0511","icon_size":22,"icon_stroke_width":1,"counter_style":"solid_accent_1","counter_mode":"hide_when_zero","counter_position":"bottom-end","counter_offset_vertical":5,"counter_offset_horizontal":0,"counter_size":18,"counter_font_size":9,"counter_border_width":0}}},"block_order":["swish_formerly_wishlist_king_wishlist_link_block_HniQPH"],"settings":{"logo_position":"middle-left","mobile_logo_position":"center","menu":"collections","menu_type_desktop":"dropdown","sticky_header_type":"on-scroll-up","show_line_separator":true,"color_scheme":"scheme-3","menu_color_scheme":"scheme-3","enable_country_selector":true,"enable_language_selector":true,"enable_customer_avatar":true,"margin_bottom":0,"padding_top":4,"padding_bottom":4}}},"order":["announcement-bar","header"]}