{"sections":{"slideshow":{"type":"slideshow","blocks":{"slide":{"type":"slide","settings":{"image":"shopify:\/\/shop_images\/saris-and-lenghas-minimal-2.jpg","image_overlay_opacity":10,"heading":"Explore All Collections","heading_size":"h2","subheading":"","button_label":"","link":"","button_style_secondary":false,"show_text_box":false,"box_align":"middle-right","text_alignment":"center","text_alignment_mobile":"center","color_scheme":"scheme-3"}}},"block_order":["slide"],"settings":{"layout":"full_bleed","slide_height":"small","slider_visual":"counter","auto_rotate":false,"change_slides_speed":5,"image_behavior":"none","show_text_below":true,"accessibility_info":"Slideshow about our brand"}},"main":{"type":"main-list-collections","custom_css":["li{padding-bottom: 15px}"],"settings":{"title":"","sort":"alphabetical","image_ratio":"portrait","columns_desktop":4,"columns_mobile":"2"}}},"order":["slideshow","main"]}