{"sections":{"main":{"type":"main-page","disabled":true,"settings":{"padding_top":36,"padding_bottom":0}},"custom_contact_page_79nkTc":{"type":"custom-contact-page","blocks":{"address_hYkWNC":{"type":"address","settings":{"title":"Our Location","address":"Ishori Silks, Heritage Lane,\nJaipur, Rajasthan, 302001","map_link":"","custom_icon_svg":""}},"phone_4jM6y8":{"type":"phone","settings":{"title":"Phone","phone_number":"+91 81077 08989","sub_text":"Mon-Sat, 10am - 7pm","custom_icon_svg":""}},"email_M6zneh":{"type":"email","settings":{"title":"Email","email":"info@ishori.com","custom_icon_svg":""}},"hours_UwarkJ":{"type":"hours","settings":{"title":"Hours","hours":"Monday - Saturday: 10am - 7pm\nSunday: Closed","custom_icon_svg":""}}},"block_order":["address_hYkWNC","phone_4jM6y8","email_M6zneh","hours_UwarkJ"],"name":"Ishori Premium Contact","settings":{"background_color":"#fff2f1","max_width":1200,"column_gap":60,"padding_top":60,"padding_bottom":60,"padding_left":20,"padding_right":20,"heading":"Get in Touch","description":"We would love to hear from you. Please fill out the form below.","enable_recaptcha":true,"form_bg_color":"#fff2f1","form_padding":40,"form_border_radius":8,"input_height":50,"textarea_height":150,"input_border_color":"#5f0511","input_border_radius":4,"input_text_color":"#5f0511","label_color":"#5f0511","btn_text":"Send Message","btn_bg_color":"#5f0511","btn_text_color":"#fff2f1","btn_hover_bg_color":"#8a0a1e","btn_padding_y":15,"btn_padding_x":40,"btn_radius":4,"btn_font_size":16,"info_block_spacing":30,"icon_size":24,"icon_color":"#5f0511","info_title_size":16,"info_title_color":"#5f0511","info_content_size":14,"info_content_color":"#5f0511","heading_size":36,"heading_color":"#5f0511","desc_size":16,"desc_color":"#5f0511","stack_mobile":true,"mob_padding_top":40,"mob_padding_bottom":40,"mob_padding_horizontal":15,"mob_heading_size":28,"mob_desc_size":15}}},"order":["main","custom_contact_page_79nkTc"]}