{"sections":{"main":{"type":"main-page","disabled":true,"settings":{"padding_top":36,"padding_bottom":28}},"176349545202f32117":{"type":"_blocks","blocks":{"ai_gen_block_1f6cff8_T3f7Up":{"type":"ai_gen_block_1f6cff8","settings":{"heading":"My Wishlist","empty_heading":"Your wishlist is empty","empty_text":"Save your favorite silk sarees and come back to them anytime.","shop_button_text":"Explore Collections","shop_button_link":"","add_to_cart_text":"Add to Cart","sold_out_text":"Sold Out","max_width":1200,"section_padding_top":60,"section_padding_bottom":60,"section_padding_horizontal":20,"columns_desktop":4,"columns_mobile":"2","grid_gap":28,"grid_spacing":40,"heading_alignment":"center","heading_size":40,"heading_spacing":24,"count_size":16,"card_padding":16,"card_border_width":1,"card_border_radius":18,"image_ratio":"3\/4","image_border_radius":12,"image_spacing":16,"product_title_size":16,"price_size":18,"variant_border_radius":26,"button_padding_vertical":14,"button_padding_horizontal":24,"button_border_width":1,"button_border_radius":40,"button_text_size":14,"empty_state_padding":80,"empty_heading_size":28,"empty_text_size":16,"background_color":"#fff2f1","heading_color":"#5f0511","count_color":"#5f0511","card_background":"#fff2f1","card_border_color":"#5f0511","product_title_color":"#5f0511","product_title_hover_color":"#8a0a1e","price_color":"#5f0511","variant_label_color":"#5f0511","variant_border_color":"#5f0511","variant_background":"#fff2f1","variant_text_color":"#5f0511","button_background":"#5f0511","button_text_color":"#fff2f1","button_border_color":"#5f0511","button_hover_background":"#3c030b","button_hover_text_color":"#fff2f1","button_hover_border_color":"#3c030b","remove_button_bg":"#ffffff","remove_button_color":"#5f0511","remove_button_hover_bg":"#8a0a1e","empty_state_background":"#fff2f1","empty_heading_color":"#5f0511","empty_text_color":"#5f0511"},"blocks":{}}},"block_order":["ai_gen_block_1f6cff8_T3f7Up"],"settings":{}}},"order":["main","176349545202f32117"]}