{
  "sections": {
    "hero_video": {
      "type": "video",
      "settings": {
        "heading": "",
        "heading_size": "h1",
        "enable_video_looping": true,
        "video_url": "https://www.youtube.com/watch?v=_9VUPq3SxOc",
        "cover_image": "",
        "description": "",
        "full_width": true,
        "color_scheme": "scheme-1",
        "padding_top": 0,
        "padding_bottom": 0
      }
    },
    "featured_products_grid": {
      "type": "featured-collection",
      "settings": {
        "title": "Featured Products",
        "heading_size": "h2",
        "description": "",
        "show_description": false,
        "description_style": "body",
        "collection": "all",
        "products_to_show": 12,
        "columns_desktop": 4,
        "full_width": false,
        "show_view_all": true,
        "view_all_style": "solid",
        "enable_desktop_slider": false,
        "color_scheme": "scheme-1",
        "image_ratio": "portrait",
        "image_shape": "default",
        "show_secondary_image": true,
        "show_vendor": false,
        "show_rating": false,
        "quick_add": "none",
        "columns_mobile": "2",
        "swipe_on_mobile": true,
        "padding_top": 60,
        "padding_bottom": 60
      }
    },
    "collection_grid": {
      "type": "collection-list",
      "blocks": {
        "collection_1": {
          "type": "featured_collection",
          "settings": {
            "collection": "all"
          }
        },
        "collection_2": {
          "type": "featured_collection",
          "settings": {
            "collection": "all"
          }
        },
        "collection_3": {
          "type": "featured_collection",
          "settings": {
            "collection": "all"
          }
        },
        "collection_4": {
          "type": "featured_collection",
          "settings": {
            "collection": "all"
          }
        }
      },
      "block_order": ["collection_1", "collection_2", "collection_3", "collection_4"],
      "settings": {
        "title": "Shop by Collection",
        "heading_size": "h2",
        "image_ratio": "portrait",
        "columns_desktop": 4,
        "color_scheme": "scheme-1",
        "show_view_all": false,
        "columns_mobile": "2",
        "swipe_on_mobile": false,
        "padding_top": 60,
        "padding_bottom": 60
      }
    },
    "sale_banner": {
      "type": "image-banner",
      "settings": {
        "image_height": "medium",
        "desktop_content_position": "middle-center",
        "show_text_box": true,
        "desktop_content_alignment": "center",
        "color_scheme": "scheme-1",
        "image_behavior": "none",
        "mobile_content_alignment": "center",
        "stack_images_on_mobile": true,
        "show_text_below": true
      }
    },
    "product_showcase": {
      "type": "multicolumn",
      "blocks": {
        "column_1": {
          "type": "column",
          "settings": {
            "title": "Free Shipping",
            "text": "<p>On orders over ₹5000</p>",
            "link_label": "",
            "link": ""
          }
        },
        "column_2": {
          "type": "column",
          "settings": {
            "title": "Premium Quality",
            "text": "<p>Handcrafted with care</p>",
            "link_label": "",
            "link": ""
          }
        },
        "column_3": {
          "type": "column",
          "settings": {
            "title": "Easy Returns",
            "text": "<p>7-day return policy</p>",
            "link_label": "",
            "link": ""
          }
        }
      },
      "block_order": ["column_1", "column_2", "column_3"],
      "settings": {
        "title": "Why Choose Us",
        "heading_size": "h2",
        "image_width": "full",
        "image_ratio": "adapt",
        "columns_desktop": 3,
        "column_alignment": "center",
        "background_style": "none",
        "button_label": "",
        "button_link": "",
        "color_scheme": "scheme-1",
        "columns_mobile": "1",
        "swipe_on_mobile": false,
        "padding_top": 60,
        "padding_bottom": 60
      }
    },
    "gallery_slideshow": {
      "type": "slideshow",
      "blocks": {
        "slide_1": {
          "type": "slide",
          "settings": {
            "heading": "",
            "heading_size": "h1",
            "subheading": "",
            "button_label": "",
            "link": "",
            "button_style_secondary": false,
            "box_align": "middle-center",
            "show_text_box": false,
            "text_alignment": "center",
            "image_overlay_opacity": 0,
            "color_scheme": "scheme-1",
            "text_alignment_mobile": "center"
          }
        },
        "slide_2": {
          "type": "slide",
          "settings": {
            "heading": "",
            "heading_size": "h1",
            "subheading": "",
            "button_label": "",
            "link": "",
            "button_style_secondary": false,
            "box_align": "middle-center",
            "show_text_box": false,
            "text_alignment": "center",
            "image_overlay_opacity": 0,
            "color_scheme": "scheme-1",
            "text_alignment_mobile": "center"
          }
        },
        "slide_3": {
          "type": "slide",
          "settings": {
            "heading": "",
            "heading_size": "h1",
            "subheading": "",
            "button_label": "",
            "link": "",
            "button_style_secondary": false,
            "box_align": "middle-center",
            "show_text_box": false,
            "text_alignment": "center",
            "image_overlay_opacity": 0,
            "color_scheme": "scheme-1",
            "text_alignment_mobile": "center"
          }
        }
      },
      "block_order": ["slide_1", "slide_2", "slide_3"],
      "settings": {
        "layout": "full_bleed",
        "slide_height": "medium",
        "slider_visual": "dots",
        "auto_rotate": true,
        "change_slides_speed": 5,
        "image_behavior": "none",
        "show_text_below": false,
        "accessibility_info": "Gallery"
      }
    },
    "instagram_feed": {
      "type": "multicolumn",
      "blocks": {
        "instagram_1": {
          "type": "column",
          "settings": {
            "title": "",
            "text": "",
            "link_label": "View on Instagram",
            "link": "https://www.instagram.com/by.ishori"
          }
        },
        "instagram_2": {
          "type": "column",
          "settings": {
            "title": "",
            "text": "",
            "link_label": "View on Instagram",
            "link": "https://www.instagram.com/by.ishori"
          }
        },
        "instagram_3": {
          "type": "column",
          "settings": {
            "title": "",
            "text": "",
            "link_label": "View on Instagram",
            "link": "https://www.instagram.com/by.ishori"
          }
        },
        "instagram_4": {
          "type": "column",
          "settings": {
            "title": "",
            "text": "",
            "link_label": "View on Instagram",
            "link": "https://www.instagram.com/by.ishori"
          }
        }
      },
      "block_order": ["instagram_1", "instagram_2", "instagram_3", "instagram_4"],
      "settings": {
        "title": "Follow us on @ishori",
        "heading_size": "h2",
        "image_width": "full",
        "image_ratio": "square",
        "columns_desktop": 4,
        "column_alignment": "center",
        "background_style": "none",
        "button_label": "",
        "button_link": "",
        "color_scheme": "scheme-1",
        "columns_mobile": "2",
        "swipe_on_mobile": true,
        "padding_top": 60,
        "padding_bottom": 60
      }
    },
    "newsletter": {
      "type": "newsletter",
      "blocks": {
        "heading": {
          "type": "heading",
          "settings": {
            "heading": "Subscribe to our emails",
            "heading_size": "h1"
          }
        },
        "paragraph": {
          "type": "paragraph",
          "settings": {
            "text": "<p>Be the first to know about new collections and exclusive offers.</p>"
          }
        },
        "email_form": {
          "type": "email_form",
          "settings": {}
        }
      },
      "block_order": ["heading", "paragraph", "email_form"],
      "settings": {
        "color_scheme": "scheme-1",
        "full_width": true,
        "padding_top": 60,
        "padding_bottom": 60
      }
    }
  },
  "order": [
    "hero_video",
    "featured_products_grid",
    "collection_grid",
    "sale_banner",
    "product_showcase",
    "gallery_slideshow",
    "instagram_feed",
    "newsletter"
  ]
}
