{
  "sections": {
    "hero_video": {
      "type": "video",
      "settings": {
        "heading": "Exquisite Handcrafted Sarees",
        "heading_size": "h1",
        "enable_video_looping": true,
        "video_url": "https://www.youtube.com/watch?v=_9VUPq3SxOc",
        "cover_image": "",
        "description": "Celebrating Indian Tradition & Elegance",
        "full_width": true,
        "color_scheme": "scheme-1",
        "padding_top": 0,
        "padding_bottom": 0
      }
    },
    "featured_collection": {
      "type": "featured-collection",
      "settings": {
        "title": "Featured products",
        "heading_size": "h2",
        "description": "",
        "show_description": false,
        "description_style": "body",
        "collection": "all",
        "products_to_show": 8,
        "columns_desktop": 4,
        "full_width": false,
        "show_view_all": true,
        "view_all_style": "solid",
        "enable_desktop_slider": false,
        "color_scheme": "scheme-1",
        "image_ratio": "adapt",
        "image_shape": "default",
        "show_secondary_image": false,
        "show_vendor": false,
        "show_rating": false,
        "quick_add": "none",
        "columns_mobile": "2",
        "swipe_on_mobile": false,
        "padding_top": 36,
        "padding_bottom": 36
      }
    }
  },
  "order": [
    "hero_video",
    "featured_collection"
  ]
}
