{"sections":{"17629674727527ebc5":{"type":"_blocks","blocks":{"ai_gen_block_3cbf047_4fMQWw":{"type":"ai_gen_block_3cbf047","settings":{"video":"shopify:\/\/files\/videos\/bgsaree_video.mp4","desktop_height":100,"mobile_height":55,"show_overlay":true,"overlay_color":"#000000","overlay_opacity":65,"heading":"","subheading":"","text_alignment":"center","content_max_width":700,"text_color":"#ffffff","heading_size":48,"subheading_size":18,"button_text":"Shop now","button_link":"","button_color":"#4770db","button_hover_color":"#0e1b4d","button_text_color":"#ffffff","button_radius":40},"blocks":{}}},"block_order":["ai_gen_block_3cbf047_4fMQWw"],"custom_css":[],"name":"Hero","settings":{}},"featured-collection-0":{"type":"featured-collection","custom_css":[],"name":"Featured Products","settings":{"collection":"all","products_to_show":8,"title":"Featured products","heading_size":"h2","description":"","show_description":false,"description_style":"body","columns_desktop":3,"enable_desktop_slider":true,"full_width":false,"show_view_all":true,"view_all_style":"link","color_scheme":"scheme-3","image_ratio":"portrait","image_shape":"default","show_secondary_image":true,"show_vendor":false,"show_rating":true,"quick_add":"standard","columns_mobile":"2","swipe_on_mobile":true,"padding_top":60,"padding_bottom":60}},"176348931667444587":{"type":"_blocks","blocks":{"ai_gen_block_fba29cf_TqtpeK":{"type":"ai_gen_block_fba29cf","settings":{"full_width":false,"max_width":1100,"banner_height":400,"banner_height_mobile":300,"background_color":"#5f0511","margin_top":0,"margin_bottom":0,"margin_top_mobile":0,"margin_bottom_mobile":0,"padding_top":20,"padding_bottom":20,"padding_left":20,"padding_right":20,"padding_top_mobile":20,"padding_bottom_mobile":20,"padding_left_mobile":20,"padding_right_mobile":20,"image":"shopify:\/\/shop_images\/saris-and-lenghas-minimal-1.jpg","image_fit":"fill","placeholder_bg_color":"#f4f4f4","overlay_opacity":10,"text_alignment":"center","content_vertical_position":50,"content_horizontal_offset":10,"content_max_width":800,"content_padding":20,"center_content_mobile":true,"text_color":"#ffffff","heading":"","heading_font":"serif","heading_size":48,"heading_size_mobile":32,"heading_weight":400,"heading_line_height":1.2,"heading_spacing":16,"heading_color":"#ffffff","subheading":"","subheading_font":"system_ui_n4","subheading_size":18,"subheading_size_mobile":16,"subheading_line_height":1.5,"subheading_spacing":24,"subheading_opacity":95,"subheading_color":"#ffffff","button_text":"Shop now","button_link":"","button_font_size":16,"button_font_size_mobile":14,"button_font_weight":400,"button_padding_vertical":14,"button_padding_horizontal":32,"button_padding_vertical_mobile":12,"button_padding_horizontal_mobile":24,"button_border_radius":40,"button_border_width":1,"button_bg_color":"#5f0511","button_text_color":"#fff2f1","button_border_color":"#5f0511","button_hover_bg_color":"#8a0a1e","button_hover_text_color":"#fff2f1","button_hover_border_color":"#8a0a1e","button_hover_lift":-2},"blocks":{}}},"block_order":["ai_gen_block_fba29cf_TqtpeK"],"custom_css":["overflow: auto;scrollbar-width: none;-ms-overflow-style: none;::-webkit-scrollbar {display: none;}"],"name":"Banners","settings":{}},"featured_collections_three_WaXDyt":{"type":"featured-collections-three","blocks":{"collection_item_CRbERE":{"type":"collection_item","settings":{"collection":"wedding-sarees","image":"shopify:\/\/shop_images\/20251010_113349.jpg","text":"Collection Name"}},"collection_item_CHyg3C":{"type":"collection_item","settings":{"collection":"handcrafted-sarees","image":"shopify:\/\/shop_images\/tussar-silk-kalamkari-promotional-banner.png","text":"Collection Name"}},"collection_item_LaqneJ":{"type":"collection_item","settings":{"collection":"premium-silk-sarees","image":"shopify:\/\/shop_images\/DSC04705.jpg","text":"Collection Name"}},"collection_item_8V3Q6D":{"type":"collection_item","settings":{"collection":"festive-wear-sarees","image":"shopify:\/\/shop_images\/create-a-promotional-image-of-aspect-ration-3-4-or-potrait-image.png","text":"Collection Name"}}},"block_order":["collection_item_CRbERE","collection_item_CHyg3C","collection_item_LaqneJ","collection_item_8V3Q6D"],"name":"Collection Grid","settings":{"show_heading":true,"heading":"Shop by Style","heading_alignment":"center","heading_size":36,"heading_color":"#5f0511","heading_weight":"600","heading_transform":"capitalize","heading_letter_spacing":0,"heading_spacing":40,"padding_top":60,"padding_bottom":60,"background_color":"#ffffff","container_width":1400,"container_padding":20,"grid_gap":30,"columns_desktop":4,"columns_tablet":4,"columns_mobile":1,"image_ratio":"9\/16","image_fit":"cover","image_position":"center","image_border_radius":12,"image_spacing":16,"enable_hover_zoom":true,"hover_zoom_scale":1.1,"hover_zoom_duration":0.8,"text_size":18,"text_color":"#5f0511","text_weight":"500","text_alignment":"center","text_transform":"none","text_spacing":0}},"176313754065dba461":{"type":"_blocks","blocks":{"ai_gen_block_99fb4e7_Rm4KeQ":{"type":"ai_gen_block_99fb4e7","settings":{"visible_items":3,"aspect_ratio":"2\/3","mobile_aspect_ratio":"2\/3","image_radius":14,"layout":"horizontal","columns":3,"gap":24,"mobile_layout":"horizontal","mobile_columns":3,"image_1":"shopify:\/\/shop_images\/I1.png","show_button_1":false,"button_text_1":"Explore now","link_1":"","image_2":"shopify:\/\/shop_images\/I2.png","show_button_2":false,"button_text_2":"Explore now","link_2":"","image_3":"shopify:\/\/shop_images\/I3.png","show_button_3":false,"button_text_3":"Explore now","link_3":"","image_4":"shopify:\/\/shop_images\/collection3_03a1fb24-3a07-42f1-96bc-ddb5cffca495.avif","show_button_4":true,"button_text_4":"Explore now","link_4":"","show_button_5":true,"button_text_5":"Explore now","link_5":"","show_button_6":true,"button_text_6":"Explore now","link_6":"","button_font_size":16,"button_padding_vertical":14,"button_padding_horizontal":32,"button_radius":40,"button_bg_color":"#fff2f1","button_text_color":"#fff2f1","button_hover_bg_color":"#3c030b","button_hover_text_color":"#fff2f1","overlay_opacity":0.5,"overlay_padding":30,"max_width":1400,"padding_vertical":40,"padding_horizontal":20,"background_color":"#fff2f1"},"blocks":{}}},"block_order":["ai_gen_block_99fb4e7_Rm4KeQ"],"name":"Sale Banner","settings":{}},"17634888307fb8529e":{"type":"_blocks","blocks":{"ai_gen_block_ce0de3f_wdDV7z":{"type":"ai_gen_block_ce0de3f","settings":{"products":["chiffon-handwork-peacock","green-bandhani-georgette","pink-silk-zari-embroidery","royal-blue-silk-zari"],"heading":"All products","heading_size":32,"heading_color":"#5f0511","heading_alignment":"center","heading_spacing":32,"columns_desktop":4,"columns_mobile":"2","grid_gap":20,"card_style":"shadow","card_background":"#ffffff","card_border_thickness":2,"card_border_color":"#e0e0e0","card_border_radius":8,"card_padding":16,"card_hover_effect":true,"text_alignment":"left","product_title_size":16,"product_title_color":"#5f0511","show_price":true,"product_price_size":14,"product_price_color":"#5f0511","show_add_to_cart":true,"button_text":"View product","button_background":"#5f0511","button_hover_background":"#3c030b","button_text_color":"#ffffff","button_border_radius":40,"padding_top":40,"padding_bottom":40,"background_color":"#fff2f1"},"blocks":{}}},"block_order":["ai_gen_block_ce0de3f_wdDV7z"],"name":"All products","settings":{}},"1762969689dd0a9e22":{"type":"_blocks","blocks":{"ai_gen_block_a39facc_bCHEz8":{"type":"ai_gen_block_a39facc","settings":{"heading":"<p>Heritage of Jaipur<\/p>","text_alignment":"center","heading_size":24,"heading_color":"#0e1b4d","image":"shopify:\/\/shop_images\/saris-and-lenghas-bold-7.jpg","image_link":"shopify:\/\/collections\/all","image_height":250,"max_width":1500,"spacing":30},"blocks":{}}},"block_order":["ai_gen_block_a39facc_bCHEz8"],"name":"About Ishori Banner","settings":{}},"176349163515b256e9":{"type":"_blocks","blocks":{"ai_gen_block_d67d1cd_8W9iDa":{"type":"ai_gen_block_d67d1cd","settings":{"slides_per_view_desktop":2,"slides_per_view_mobile":1,"gap":8,"image_height_desktop":500,"image_height_mobile":300,"image_border_radius":8,"margin_top":0,"margin_bottom":0,"margin_left":0,"margin_right":0,"padding_top":40,"padding_bottom":40,"padding_left":20,"padding_right":20,"enable_infinite":true,"enable_autoplay":true,"autoplay_speed":2000,"transition_speed":600,"show_navigation":true,"nav_background":"#ffffff","nav_icon_color":"#000000","show_dots":true,"dot_color":"#000000","caption_color":"#5f0511","caption_font_size":14,"enable_lightbox":true,"image_1":"shopify:\/\/shop_images\/20251010_092725.jpg","caption_1":"","image_2":"shopify:\/\/shop_images\/20251010_105635.jpg","caption_2":"","image_3":"shopify:\/\/shop_images\/DSC04818.jpg","caption_3":"","image_4":"shopify:\/\/shop_images\/greengorget.jpg","caption_4":"","image_5":"shopify:\/\/shop_images\/DSC04910.jpg","caption_5":"","caption_6":"","caption_7":"","caption_8":""},"blocks":{}}},"block_order":["ai_gen_block_d67d1cd_8W9iDa"],"custom_css":[],"name":"Gallary","settings":{}},"1763490469ea09338c":{"type":"_blocks","blocks":{"ai_gen_block_a3f1481_YfqRTD":{"type":"ai_gen_block_a3f1481","settings":{"heading":"Follow us on @ishori","title_size":32,"title_color":"#5f0511","header_spacing":40,"columns_desktop":4,"columns_tablet":"3","columns_mobile":"2","grid_gap":20,"container_width":1200,"image_aspect_desktop":100,"image_aspect_mobile":100,"post_background":"#ffffff","post_border_radius":8,"post_padding":12,"show_username":true,"username_size":14,"username_color":"#5f0511","show_overlay":true,"shadow_opacity":0.1,"shadow_vertical":4,"shadow_blur":12,"show_navigation":true,"arrow_background":"#ffffff","arrow_hover_background":"#5f0511","arrow_color":"#5f0511","section_padding_top":60,"section_padding_bottom":60,"background_color":"#ffffff","post_username_1":"@ishori","post_url_1":"","post_likes_1":"","post_comments_1":"","post_username_2":"@ishori","post_url_2":"","post_likes_2":"","post_comments_2":"","post_username_3":"@ishori","post_url_3":"","post_likes_3":"","post_comments_3":"","post_username_4":"@ishori","post_url_4":"","post_likes_4":"","post_comments_4":"","post_username_5":"@ishori","post_url_5":"","post_likes_5":"","post_comments_5":"","post_username_6":"@ishori","post_url_6":"","post_likes_6":"","post_comments_6":"","post_username_7":"@ishori","post_url_7":"","post_likes_7":"","post_comments_7":"","post_username_8":"@ishori","post_url_8":"","post_likes_8":"","post_comments_8":"","post_username_9":"@ishori","post_url_9":"","post_likes_9":"","post_comments_9":"","post_username_10":"@ishori","post_url_10":"","post_likes_10":"","post_comments_10":"","post_username_11":"@ishori","post_url_11":"","post_likes_11":"","post_comments_11":"","post_username_12":"@ishori","post_url_12":"","post_likes_12":"","post_comments_12":""},"blocks":{}}},"block_order":["ai_gen_block_a3f1481_YfqRTD"],"custom_css":[],"name":"Instagram","settings":{}},"newsletter_bEkdgB":{"type":"newsletter","blocks":{"heading_RTW6FQ":{"type":"heading","settings":{"heading":"Subscribe to our emails","heading_size":"h1"}},"paragraph_xGxwzF":{"type":"paragraph","settings":{"text":"<p>Be the first to know about new collections and exclusive offers.<\/p>"}},"email_form_DFwEbP":{"type":"email_form","settings":{}}},"block_order":["heading_RTW6FQ","paragraph_xGxwzF","email_form_DFwEbP"],"name":"t:sections.newsletter.presets.name","settings":{"color_scheme":"","full_width":true,"padding_top":40,"padding_bottom":52}},"blocks_HJDf3x":{"type":"_blocks","blocks":{"ai_gen_block_e4427a5_V4ACUn":{"type":"ai_gen_block_e4427a5","settings":{"background_color":"#5f0511","text_color":"#ffffff","link_1_text":"Shop","link_1_url":"","link_2_text":"About Us","link_2_url":"","link_3_text":"Contact","link_3_url":"","link_4_text":"FAQs","link_4_url":"shopify:\/\/policies\/contact-information","link_5_text":"Home","link_5_url":"\/","link_6_text":"Refund Policy","link_6_url":"shopify:\/\/policies\/refund-policy","link_7_text":"Terms of Service","link_7_url":"shopify:\/\/policies\/terms-of-service","link_8_text":"Shipping Policy","link_8_url":"shopify:\/\/policies\/shipping-policy","link_9_text":"Privacy Policy","link_9_url":"shopify:\/\/policies\/privacy-policy","address":"Ishori, Madhav Sarees, Jaipur, 302003","phone":"+91-81077 08989","email":"info@ishori.com","logo":"shopify:\/\/shop_images\/colored-logo.png","logo_width":120,"facebook_url":"https:\/\/www.facebook","instagram_url":"https:\/\/www.instagram.com\/by.ishori","youtube_url":"https:\/\/www.youtube.com\/@by.ishori","linkedin_url":""},"blocks":{}}},"block_order":["ai_gen_block_e4427a5_V4ACUn"],"name":"Minimalist footer","settings":{}}},"order":["17629674727527ebc5","featured-collection-0","176348931667444587","featured_collections_three_WaXDyt","176313754065dba461","17634888307fb8529e","1762969689dd0a9e22","176349163515b256e9","1763490469ea09338c","newsletter_bEkdgB","blocks_HJDf3x"]}