{"sections":{"main":{"type":"main-product","blocks":{"vendor":{"type":"text","settings":{"text":"{{ product.vendor }}","text_style":"body"}},"title":{"type":"title","settings":{}},"rating":{"type":"rating","settings":{}},"price":{"type":"price","settings":{}},"variant_picker":{"type":"variant_picker","settings":{"picker_type":"button","swatch_shape":"circle"}},"quantity_selector":{"type":"quantity_selector","settings":{}},"buy_buttons":{"type":"buy_buttons","settings":{"show_dynamic_checkout":true,"show_gift_card_recipient":false}},"description":{"type":"description","settings":{}},"share":{"type":"share","settings":{"share_label":"Share"}}},"block_order":["vendor","title","rating","price","variant_picker","quantity_selector","buy_buttons","description","share"],"settings":{"enable_sticky_info":false,"color_scheme":"scheme-3","media_size":"small","constrain_to_viewport":true,"media_fit":"cover","gallery_layout":"stacked","mobile_thumbnails":"hide","media_position":"left","image_zoom":"hover","hide_variants":true,"enable_video_looping":false,"padding_top":60,"padding_bottom":60}},"related-products":{"type":"related-products","settings":{"heading":"You may also like","heading_size":"h2","products_to_show":3,"columns_desktop":4,"columns_mobile":"2","color_scheme":"scheme-3","image_ratio":"portrait","image_shape":"default","show_secondary_image":true,"show_vendor":false,"show_rating":false,"padding_top":0,"padding_bottom":60}},"collection_list_FKUgFW":{"type":"collection-list","blocks":{"featured_collection_WTw7yh":{"type":"featured_collection","settings":{"collection":"silk-sarees"}},"featured_collection_wUYFR9":{"type":"featured_collection","settings":{"collection":"wedding-sarees"}},"featured_collection_JTCpXx":{"type":"featured_collection","settings":{"collection":"festive-wear-sarees"}}},"block_order":["featured_collection_WTw7yh","featured_collection_wUYFR9","featured_collection_JTCpXx"],"name":"t:sections.collection-list.presets.name","settings":{"title":"Collections","heading_size":"h2","image_ratio":"portrait","columns_desktop":3,"color_scheme":"","show_view_all":false,"columns_mobile":"2","swipe_on_mobile":true,"padding_top":36,"padding_bottom":36}}},"order":["main","related-products","collection_list_FKUgFW"]}